Уровень образования;Кафедра;Название цикла;Вид обучения;Форма обучения;Даты проведения;Количество часов;Кто может учиться;Подать заявку
Высшее медицинское;Кафедра акушерства и гинекологии;Акушерство и гинекология;повышение квалификации;Очная;ПЕРЕНОС СРОКОВ;144;Акушерство и гинекология;Подать заявку link=https://nmfo-vo.edu.rosminzdrav.ru/#/user-account/view-dpp/2c5535dd-7939-77a0-8f3b-7059aca625cb
Высшее медицинское;Кафедра анестезиологии и реаниматологии;Анестезиология-реаниматология;повышение квалификации;Очная;05.10.2026-30.10.2026;144;Анестезиология-реаниматология;Подать заявку link=https://nmfo-vo.edu.rosminzdrav.ru/#/user-account/view-dpp/37f607eb-a944-566d-d5f2-aa75deee3600
Высшее медицинское;Кафедра анестезиологии и реаниматологии;Основы респираторной поддержки в отделении интенсивной терапии;повышение квалификации;Очная;07.12.2026-11.12.2026;36;Анестезиология-реаниматология;Подать заявку link=https://nmfo-vo.edu.rosminzdrav.ru/#/user-account/view-dpp/281174ab-a371-0cfa-5896-ae9b43e3a5dd
Высшее медицинское;Кафедра анестезиологии и реаниматологии;Скорая медицинская помощь;повышение квалификации;Очная;ПЕРЕНОС СРОКОВ;144;Скорая медицинская помощь;Подать заявку link=https://nmfo-vo.edu.rosminzdrav.ru/#/user-account/view-dpp/683c5a30-6fad-b230-7ba3-137d8ee241d3
Высшее медицинское;Кафедра госпитальной терапии и эндокринологии;Актуальные вопросы диагностики и лечения сахарного диабета;повышение квалификации;Очная;23.11.2026-05.12.2026;72;Лечебное дело, Общая врачебная практика (семейная медицина), Терапия;Подать заявку link=https://nmfo-vo.edu.rosminzdrav.ru/#/user-account/view-dpp/3063a89b-021f-b458-dbb1-e7f7c99b2f3d
Высшее медицинское;Кафедра госпитальной терапии и эндокринологии;Терапия;повышение квалификации;Очная;14.09.2026-10.10.2026;144;Терапия, Лечебное дело;Подать заявку link=https://nmfo-vo.edu.rosminzdrav.ru/#/user-account/view-dpp/a3a5b4ca-f638-24f9-faab-02f640bf3b7b
Высшее медицинское;Кафедра инфекционных болезней;Инфекционные болезни;повышение квалификации;Очная;02.11.2026-28.11.2026;144;Инфекционные болезни;Подать заявку link=https://nmfo-vo.edu.rosminzdrav.ru/#/user-account/view-dpp/6c040959-eab7-030b-3f45-c03622d9c2fb
Высшее медицинское;Кафедра лучевой диагностики, лучевой терапии и онкологии;Рентгенология;повышение квалификации;Очная;07.09.2026-03.10.2026;144;Рентгенология;Подать заявку link=https://nmfo-vo.edu.rosminzdrav.ru/#/user-account/view-dpp/ea04084d-c596-649d-13ba-f2b5753b5f7e
Высшее медицинское;Кафедра лучевой диагностики, лучевой терапии и онкологии;Ультразвуковая диагностика;повышение квалификации;Очная;07.09.2026-03.10.2026;144;Ультразвуковая диагностика;Подать заявку link=https://nmfo-vo.edu.rosminzdrav.ru/#/user-account/view-dpp/2d6b454d-f7df-5b65-d31f-2855c694d685
Высшее медицинское;Кафедра неонатологии и перинатологии;Реанимация и стабилизация состояния новорожденных после рождения;повышение квалификации;Очная;07.09.2026-11.09.2026;36;Анестезиология-реаниматология, Педиатрия;Подать заявку link=https://nmfo-vo.edu.rosminzdrav.ru/#/user-account/view-dpp/5aedf054-c29c-4f77-fd39-ca33cf55958e
Высшее медицинское;Кафедра неонатологии и перинатологии;Реанимация и стабилизация состояния новорожденных после рождения;повышение квалификации;Очная;21.09.2026-25.09.2026;36;Анестезиология-реаниматология, Педиатрия;Подать заявку link=https://nmfo-vo.edu.rosminzdrav.ru/#/user-account/view-dpp/5aedf054-c29c-4f77-fd39-ca33cf55958e
Высшее медицинское;Кафедра неонатологии и перинатологии;Реанимация и стабилизация состояния новорожденных после рождения;повышение квалификации;Очная;12.10.2026-16.10.2026;36;Анестезиология-реаниматология, Педиатрия;Подать заявку link=https://nmfo-vo.edu.rosminzdrav.ru/#/user-account/view-dpp/5aedf054-c29c-4f77-fd39-ca33cf55958e
Среднее профессиональное;Кафедра неонатологии и перинатологии;Реанимация и стабилизация состояния новорожденных после рождения;повышение квалификации;Очная;09.11.2026-13.11.2026;36;Акушерское дело, Лечебное дело;Подать заявку link=https://nmfo-spo.edu.rosminzdrav.ru/#/user-account/view-dpp/963a6038-4243-ead3-4e4e-6e3525ffdec7
Среднее профессиональное;Кафедра неонатологии и перинатологии;Реанимация и стабилизация состояния новорожденных после рождения;повышение квалификации;Очная;07.12.2026-11.12.2026;36;Акушерское дело, Лечебное дело;Подать заявку link=https://nmfo-spo.edu.rosminzdrav.ru/#/user-account/view-dpp/963a6038-4243-ead3-4e4e-6e3525ffdec7
Высшее медицинское;Кафедра общественного здоровья, здравоохранения и социальной работы;Организация здравоохранения и общественное здоровье;повышение квалификации;Очная;28.09.2026-24.10.2025;144;Организация здравоохранения и общественное здоровье;Подать заявку link=https://nmfo-vo.edu.rosminzdrav.ru/#/user-account/view-dpp/be693177-3c7a-d693-ddb4-25d70a769d02
Высшее медицинское;Кафедра педиатрии;Йоддефицитные заболевания у детей и подростков;повышение квалификации;Очная;03.11.2026-06.11.2026;36;Общая врачебная практика (семейная медицина), Педиатрия;Подать заявку link=https://nmfo-vo.edu.rosminzdrav.ru/#/user-account/view-dpp/5da65f6c-fe68-48a9-8e5a-c38cf54c65de
Высшее медицинское;Кафедра педиатрии;Заболевания суставов у детей и подростков;повышение квалификации;Очная;28.10.2026-31.10.2026;36;Педиатрия, Общая врачебная практика (семейная медицина);Подать заявку link=https://nmfo-vo.edu.rosminzdrav.ru/#/user-account/view-dpp/c5aa256f-df05-43d5-af71-e2c0dfb01b91
Высшее медицинское;Кафедра педиатрии;Педиатрия;повышение квалификации;Очная;21.09.2026-17.10.2026;144;Педиатрия, Педиатрия (после специалитета);Подать заявку link=https://nmfo-vo.edu.rosminzdrav.ru/#/user-account/view-dpp/19749f66-bdf3-8f57-9113-e8d0b0196f24
Высшее медицинское;Кафедра педиатрии;Пищевая аллергия у детей;повышение квалификации;Очная;21.09.2026-24.09.2026;36;Педиатрия, Педиатрия (после специалитета), Общая врачебная практика (семейная медицина);Подать заявку link=https://nmfo-vo.edu.rosminzdrav.ru/#/user-account/view-dpp/34dffa62-2fca-407b-a0fe-97c011022b6d
Высшее медицинское;Кафедра семейной медицины и внутренних болезней;Проведение предварительных и периодических медицинских осмотров;повышение квалификации;Очная;07.09.2026-19.09.2026;72;Дерматовенерология, Неврология, Терапия;Подать заявку link=https://nmfo-vo.edu.rosminzdrav.ru/#/user-account/view-dpp/0f8dbbd0-46de-9eaa-86a0-4171be251721
Высшее медицинское;Кафедра семейной медицины и внутренних болезней;Функциональная диагностика;повышение квалификации;Очная;ПЕРЕНОС СРОКОВ;144;Функциональная диагностика;Подать заявку link=https://nmfo-vo.edu.rosminzdrav.ru/#/user-account/view-dpp/81cc251b-375c-6563-1672-d5cda28df491
Высшее медицинское;Кафедра терапевтической стоматологии;Стоматология терапевтическая;повышение квалификации;Очная;09.11.2026-04.12.2026;144;Стоматология терапевтическая;Подать заявку link=https://nmfo-vo.edu.rosminzdrav.ru/#/user-account/view-dpp/679e7f14-26bd-165e-de90-20c3390469a0
Высшее медицинское;Кафедра травматологии, ортопедии и военной хирургии;Политравма. Множественные и сочетанные повреждения опорно-двигательной системы;повышение квалификации;Очная;19.10.2026-24.10.2026;144;Травматология и ортопедия;Подать заявку link=https://nmfo-vo.edu.rosminzdrav.ru/#/user-account/view-dpp/3bc1a597-1c56-6c56-425f-8ab01687b25a
Высшее медицинское;Кафедра физической культуры и медицинской реабилитации;Физиотерапия;повышение квалификации;Очная;ПЕРЕНОС СРОКОВ;144;Физиотерапия;Подать заявку link=https://nmfo-vo.edu.rosminzdrav.ru/#/user-account/view-dpp/06086ac7-4490-ae17-16f8-bd65625acb8b
